{
  "project_info": {
    "project_number": "203945125351",
    "firebase_url": "https://astrochat-c89b2-default-rtdb.firebaseio.com",
    "project_id": "astrochat-c89b2",
    "storage_bucket": "astrochat-c89b2.appspot.com"
  },
  "client": [
    {
      "client_info": {
        "mobilesdk_app_id": "1:203945125351:android:80e025b4ce45568df38942",
        "android_client_info": {
          "package_name": "com.example.astrochat"
        }
      },
      "oauth_client": [
        {
          "client_id": "203945125351-vamdm0tfg917fqkf62vk2c59qdm9e8jo.apps.googleusercontent.com",
          "client_type": 1,
          "android_info": {
            "package_name": "com.example.astrochat",
            "certificate_hash": "384b4141d2e998b5106a71a33c0ad12a132768cb"
          }
        },
        {
          "client_id": "203945125351-3l855s2l80m87diec9o8d5u61m573712.apps.googleusercontent.com",
          "client_type": 3
        }
      ],
      "api_key": [
        {
          "current_key": "AIzaSyCuxPqgQYfX2v1E3ZsmgXcY1o5yOD2VbvM"
        }
      ],
      "services": {
        "appinvite_service": {
          "other_platform_oauth_client": [
            {
              "client_id": "203945125351-3l855s2l80m87diec9o8d5u61m573712.apps.googleusercontent.com",
              "client_type": 3
            }
          ]
        }
      }
    }
  ],
  "configuration_version": "1"
}